codon	PC1	PC2	PC3	PC4	PC5	PC6	PC7	PC8	PC9	PC10	PC11	PC12	PC13	PC14	PC15	PC16	PC17	PC18	PC19	PC20	PC21	PC22	PC23	PC24	PC25	PC26	PC27	PC28	PC29	PC30	PC31	PC32	PC33	PC34	PC35	PC36	PC37	PC38	PC39	PC40	PC41	PC42	PC43	PC44	PC45	PC46	PC47	PC48	PC49	PC50	PC51	PC52	PC53	PC54	PC55	PC56	PC57	PC58	PC59	PC60
TTT	0.029417792422694867	-0.11424538481076763	0.32423760126520923	-0.01300665272398478	0.10743064006656056	-0.24436752687794208	0.17317914833931664	-0.017716897747077222	0.12137826029465057	-0.05040678200488014	0.030291670368897187	-0.059810081293046685	0.2924613605079119	-0.06334791089296875	0.32306020419016707	-0.11954494545432053	-0.00977915221782325	-0.004319083683437742	0.07454093916608952	0.008899055623933274	-0.1278634868116949	-0.002395157089233379	-0.021453914071867728	0.052677697199247586	0.017860616750193334	-0.032469705889351955	-0.06363389272236813	-0.027896806834501544	-0.009134315795981642	0.07791761721471312	0.06327053525533714	-8.941016094333276e-4	-0.04621893700351812	0.02968828922090931	0.0022138822868791263	0.03951049657862278	-0.02432427071895255	0.026583769060627038	-0.016731132440021602	0.02367299601944761	-0.02140290334347078	0.01875523308255982	-0.004061752481931357	-0.1615079895597855	0	0	-0.6884149688293788	0	0	0	0	0	0	0	0	0	0	0	0	0
TTC	-0.029417792422694558	0.11424538481076704	-0.3242376012652086	0.013006652723984855	-0.10743064006656025	0.24436752687794128	-0.17317914833931577	0.017716897747077128	-0.12137826029464989	0.05040678200487993	-0.03029167036889706	0.05981008129304672	-0.2924613605079108	0.06334791089296861	-0.3230602041901658	0.11954494545432012	0.009779152217823184	0.004319083683437783	-0.0745409391660893	-0.008899055623933318	0.12786348681169446	0.002395157089233376	0.02145391407186774	-0.052677697199247475	-0.017860616750193282	0.03246970588935184	0.06363389272236798	0.02789680683450141	0.009134315795981602	-0.07791761721471276	-0.06327053525533684	8.941016094333429e-4	0.04621893700351791	-0.02968828922090924	-0.002213882286879098	-0.03951049657862258	0.02432427071895237	-0.026583769060627052	0.01673113244002147	-0.023672996019447536	0.021402903343470676	-0.01875523308255976	0.00406175248193107	-0.16150798955978604	-1.6654385141225467e-16	8.407874289267071e-17	-0.6884149688293815	1.1426274691059656e-16	9.89234712106459e-17	-2.825746718671252e-18	-7.001138106527902e-17	1.2259264188939612e-16	1.0506641741989848e-16	1.3814389609935025e-17	6.171083184116804e-17	1.442937944369828e-17	-1.0218291948115581e-16	3.63028602306647e-17	2.6748427075432475e-17	-2.6062827013342396e-17
TTA	0.17562200027926672	-0.1316696025790562	-0.041888572286156334	0.04415779487852983	0.13008498651546455	-0.04427315094160936	-0.086061300108186925	-0.15898345502581027	-0.16268166816882051	0.003906626334348899	-0.08601828519945229	-0.10513165747885922	0.15128110372889425	-0.013456925275401183	-0.02075117093103923	-0.08464534530360088	0.06714335535054779	0.012253293791741518	-0.04704880485893029	-0.028562350130293436	0.12099708040447821	-0.01773730327895356	-0.08992479797570993	-0.15842451496493531	-0.08469504152999914	-0.10752571766265687	0.14617197474596066	-0.14084550152721637	-0.014035124011551768	-0.09656273934927821	-0.10111636081281747	0.12559539499997602	-0.22176814442769555	-0.12267646941191454	0.15748595000488314	-0.19898948329793514	-0.2289519462855016	-0.5278887765307868	0.21512623722713442	0.13225918128474734	-0.04536711894209258	0.07855686743987692	3.471740621484318e-4	-0.16258857026410628	-0.12103737717715861	-0.2750307834384143	0.038144657361835976	-0.11086542683066686	0.018480257810654738	-0.027683886720086568	-0.03808601508176443	-0.01981881100881687	-0.04036532099053186	-0.003394477538426228	0.009101394773802776	-0.04961650356288421	-0.010028998213749642	-0.008553062722464325	-0.008953345760469527	-0.009479498334309975
TTG	0.035896996018168426	-0.06431798985229775	0.21377133136112345	0.05046356783832823	-0.030690407095822644	-0.03948807441416369	0.11475659103530189	0.062325791213250575	-0.08300861581963259	0.06798842376211917	0.0091094507433049	-0.17603459422729884	0.07395136687844198	0.07738802418735101	-0.23783132970697798	0.09515292791849311	0.05771328127223443	-0.06652084077936393	-0.16373803075341728	-0.11468350296053635	-0.08722513888899816	-0.1350217451173272	-0.1422611927386711	0.0745057983432056	-0.13204868116922183	-0.08360294036599156	0.0493015318421068	-0.25048003269503366	0.3253907476333333	-0.20392658320190585	-0.05159333312786038	-0.11646371309548603	0.23109210222481696	0.15490133152285324	0.20183922458545192	0.02884035894109066	0.3259183170960416	0.18958688656246253	0.03880677253067012	-0.18567263821673616	0.09472245695333081	-0.035947723878604766	0.0014606493932465385	-0.1678912667133523	-0.12498491462791997	-0.28400069292469254	0.03938871491656913	-0.11448121423961077	0.01908297666914859	-0.028586774589592568	-0.039328160065337646	-0.020465185711504057	-0.04168180371709436	-0.003505185714043484	0.009398229500080554	-0.051234706225221166	-0.010356085985855187	-0.00883201403653831	-0.009245351986342734	-0.009788664606430665
CTT	-0.03281321424310235	0.01483116186185926	-0.06906449288597655	-0.2894723897632521	-0.12470842652099069	0.026380181977252892	0.026157498637574828	0.007111875048448771	0.013423601095167992	-0.027914159050769223	-0.12085822907299269	0.09138272849465884	0.02266281960552141	-0.14138375971015094	0.0806362678864187	-0.11720599637944787	-0.07604879360129851	0.001780583448028096	-0.16277189332746655	0.14322478628077992	0.041665001236306565	0.12443778435827324	-0.17183661176624043	0.14921104270302607	0.20507591461714567	0.16857577004968521	-0.10645748989376373	0.43166378525213156	0.16798461263793033	-0.10754359004769551	-0.007069123178752218	-0.07546801255048803	0.15931244418738666	0.15846144737976411	0.010904912839565961	0.21470709058259385	-0.02070606157272993	-0.22838421451085184	-0.23936456398670958	0.12644735283997582	-0.09305750188962081	-0.02840225476765805	-0.001889785236011909	-0.1756279124538185	-0.13074438041972666	-0.297087810522993	0.04120379761531369	-0.11975665599336517	0.019962344804566944	-0.029904089969908978	-0.04114045231856904	-0.021408247819273425	-0.043602554900260146	-0.003666709184888217	0.009831312016241456	-0.053595667455909414	-0.010833307762179887	-0.009239004615102691	-0.009671389709831786	-0.010239738875001883
CTC	-0.036900490234038685	0.2435518114787794	0.037092388293068726	-0.05064926585975145	-0.17425706898893165	0.08600916304691861	-0.013246370000138064	-0.035343951426570944	-0.015862609873321123	-0.044254045519471964	-0.0825408715487169	0.01897622859097777	-0.0818980587301798	-0.004456333897629915	0.014422926776827216	-0.07508764522020418	-0.2001115275578699	0.029684705387115744	0.1849179088842924	-0.03540822517073849	-0.12123733497981592	0.20047734545510768	-0.18046292158737698	0.1548463254391179	-0.10402525937622281	-0.2905918114582463	0.11869756119700126	-0.09926229483961528	-0.24332963055937123	0.2614434100983577	-0.09162110328570336	0.2602827008750337	-0.0422553415570244	-0.10089408766798136	-0.18356887031442715	0.01182179344745779	-0.08540842344104513	0.3053110826335478	-0.024828224467039195	0.021282018246657958	0.05523117707900321	0.01832497403030961	8.502983573876579e-4	-0.20190950307032654	-0.150309438351528	-0.3415450958384642	0.047369681646167144	-0.13767747144032375	0.022949581665548092	-0.034379045228259596	-0.04729685713206311	-0.024611854792343596	-0.0501273975731114	-0.004215408696034718	0.011302504801169639	-0.06161591532661838	-0.012454442783659925	-0.010621562396526105	-0.0111186511473514	-0.011772050119682033
CTA	-0.042679337454094204	0.03401273305699959	-0.014875571553954303	0.13261887553441493	0.05478434638092186	0.019410665933056986	-0.0801640832355002	-0.04648460993971485	0.03788888504497137	0.042846103047414694	0.08260525607409175	0.11255122941549586	0.07058044197965632	0.12018275792952335	-0.011308331060490923	0.05703547169350545	-0.04793301802361706	-0.2700360044783108	0.070091865672704	-0.33560290439743723	0.11096455952723036	-0.1935369699934249	0.16716487338301111	0.15328672325568388	-0.057152718467640494	0.10664297162548089	-0.2503525594694621	0.14874369941342264	0.139654487132797	0.16290792255130998	0.16059802382202898	-0.29682808499146535	-0.16349607102497035	-0.4220456686009007	-0.004431195434553591	-0.13686361214772888	-0.069311842288812	0.08042760530764181	-0.16192105531376993	-0.027412384437969672	-0.1579576979955149	0.010344668312094296	0.001960016781177167	-0.12490625731563111	-0.09298516958443795	-0.21128831965294764	0.029304067191898528	-0.08517071961838676	0.014197183932470292	-0.021267735318287736	-0.02925901613011512	-0.015225507571264263	-0.031010059083990512	-0.0026077570162411894	0.006992011527631776	-0.03811714286595099	-0.007704629110581038	-0.006570763562982542	-0.006878275069252427	-0.0072824839793173436
CTG	-0.07187160554422814	-0.10676494817099214	-0.10120375200702475	0.12929437447210565	0.15348110163670434	-0.047487052852679706	0.012636413475247493	0.12135839071469673	0.16358046214890748	-0.015971874125859473	0.1794048197403398	0.05695706188236002	-0.14911894370513368	-3.840805363627478e-4	0.12388470978223279	0.11835604959468546	0.17542234980566263	0.16402670834779773	0.07903766902586032	0.2142818141648169	-0.0077405896124869145	-0.0564977324182733	0.3775496590912607	-0.2839986301077151	0.1257829498551396	0.2118292231396261	-0.027078004247874876	-0.0421102286976974	-0.22482330176291312	-0.019320711657458037	0.1110730240530976	-0.013851774772519457	-0.007922175038188487	0.17566898904902592	-0.10662013857000473	0.020217152641777675	0.053982361750072025	0.10047270823067278	0.11556049177168551	-0.06010808317867239	0.07347728891836275	-0.030211480607668206	-0.001731205250664029	-0.2231274739567431	-0.16610493701998577	-0.3774368879022321	0.05234759754801115	-0.15214552042422336	0.0253612737762728	-0.03799182010840954	-0.0522671201577595	-0.027198229432980545	-0.05539511229750262	-0.004658391406737383	0.012490245913738082	-0.06809091862096397	-0.01376323707205038	-0.011737745628472187	-0.012287071715741234	-0.013009134124717315
ATT	-0.021987202242068925	-0.09120493133467356	0.17752444247142193	-0.14886498161544132	-0.09372502926648968	-0.027405690197580712	0.1544873764332553	0.240282243535089	-0.0038296414604965245	0.041870287129561284	0.16815207088503314	0.17117365640200802	-0.07061279247533231	-0.09847332404999248	-0.09493626980300574	0.18741885844119296	-0.42150830074702533	0.04639930627568244	-0.2298927509150066	-0.044342773811847896	0.045612068493137675	-0.10973141488297135	0.06257552697266057	-0.1571493460064121	-0.006888244046043983	0.04763973678206457	-0.019632446163935585	-0.06347972216528025	0.007514426265876017	0.14879783775944752	-0.06787742845769851	0.14730679404146374	-0.13470560729627093	-0.036958741513224	0.11095770877895239	0.0365825341445002	-0.05922770096917795	-0.07634822422291694	-0.008030308350333921	0.003780979422211367	-0.011016787037207876	0.025666736587753036	0.0019005952401661627	-0.26248050186617444	-0.04659435089650913	0.11956368173577878	0.06158015161572755	0.2959293367103098	-0.02441275069564806	-0.006847903039661131	-0.3056794137985741	0.21881454083231505	-0.09860357904386144	-0.06192979763724892	0.07789435336188766	-0.08127342278293684	-0.016791411812030626	0.06503911314089045	0.05213721967772401	0.009911394738666916
ATC	-0.10957236111455566	0.10367509887759184	-0.22433625909932536	0.13930908750983256	-0.10960314297639462	-0.06947512876870168	-0.09326891066635734	-0.2614738131974504	-0.025015933378382732	-0.09774873649850396	-0.08645514526574204	-0.12356038084103771	-0.008012056026139053	0.06836715729022194	0.12186498010739277	-0.14511884982613782	0.32674516157779904	-0.03442063295008893	0.07140424502335793	0.1626807435816124	-0.11157550285697804	-0.26221026353133664	-0.017361766525475705	0.20148083950923043	0.14268983349312184	-0.03874221666981532	-0.03779443134805846	-0.03381605926919614	0.15391415140694883	0.10867188564697923	-0.03467675248671598	0.043208557044432924	0.05280724438565418	0.012865669030101029	-0.029765718053340315	0.048661963119415313	0.001640205586821486	0.001892493338808976	0.08308815476423162	-0.05612240770835981	0.03606941211397388	0.07015948781207187	-0.0018804336373130226	-0.27722141387776333	-0.049211090890219966	0.1262783813028619	0.06503849457900994	0.31254873618219287	-0.025783771428261576	-0.00723248145769145	-0.32284637786075054	0.23110317130327385	-0.10414115868265038	-0.06540777673046043	0.0822689023319769	-0.08583774038217228	-0.017734417948911715	0.06869171147602521	0.055065247330574364	0.010468018932525061
ATA	0.16191328845705663	-0.021507090417874124	0.06985067888236511	0.002036705264607641	0.2462957266360315	0.11849291891725514	-0.06581785255930639	0.042180375595253825	0.03556634297325817	0.07215213713548826	-0.09034486915824702	-0.04782172744454065	0.09297051029584755	0.0308824695758117	-0.03970747133004904	-0.040151284506784596	0.08984109273606906	-0.011810910527874665	0.1816247210633194	-0.1498749735034224	0.08492230922907007	0.4546159351669101	-0.05201273183866705	-0.06542537271672509	-0.16908747173878652	-0.0079029609570163	0.07001394860141977	0.11662627126252138	-0.1999589845165895	-0.30989000656911014	0.12286555259873114	-0.22684736166755487	0.09280344028521113	0.02747740764886812	-0.09349434608414922	-0.10343749129133598	0.0675989639790357	0.08741477250903515	-0.09373387986550347	0.06524501755166354	-0.03183671306660414	-0.11729818943804993	1.004584844325751e-4	-0.2232492286068313	-0.03963019279955986	0.10169326684126193	0.05237616222142137	0.2516986811324808	-0.0207639337864154	-0.005824390994033235	-0.2599914768766839	0.18610973806229014	-0.08386593595678987	-0.052673548899803635	0.06625198510834798	-0.069126006745363	-0.014281707431993291	0.055318135003335205	0.04434460461635089	0.008430002282429532
GTT	0.05708387738434298	-0.0910331951590989	0.021582133249365892	0.026096040545280863	-0.08465181818154366	-0.03628569167255599	0.0790412922680481	0.04354041499411257	-0.18223888600578386	0.037639234539822236	-0.10782071335530367	-0.24667701771851336	0.10351759665559936	-0.1541238489163065	-0.10463646017407582	-0.017512024221813527	-0.0744549615067745	-0.1155974812460328	0.12202927728824582	0.33778770988681506	0.14709863446486637	-0.23574272086233514	0.11890460243971113	-0.17585489938560733	-0.20384911813293713	-0.07444366436082253	0.3157898206062032	0.24019593911112003	-0.06600760732958336	0.18895588207735423	-0.035326547967783103	-0.24013420011427025	0.0840981751398672	-0.07211888188870723	-0.051678555049144495	0.07851671930900214	-0.00389663264307738	0.10177687645620778	-0.10031706037115096	0.05173548874872205	-0.04368752802725555	0.03313633550869918	7.538651182816825e-4	-0.11733843903564123	-0.02550326080010435	0.04547222668175774	0.027528592847066376	0.034252728954806994	-0.05756162434318169	0.03932811709132858	0.20694226306456986	0.031861740287920194	0.06321592456186537	-0.26068186139880983	-0.1630641251803605	-0.15248132536317507	0.07984480569249196	-0.03230960642708441	-0.009512803098610665	0.023303369351947642
GTC	0.003380661657254095	0.2988067111751225	0.056077054874684236	-0.10750124099829461	-0.1622505316805965	0.029780618747380833	-0.012760004076124293	-0.036485865916119506	-0.024938385513812167	-0.008614317741766138	-0.10145291192339198	-0.11521740124373431	0.11868330801894794	-0.050298568585808875	-0.12220304323270004	0.03888332774214043	-0.07327101019828496	0.057905014685415625	0.10353026286491396	0.0037157027165589523	-0.27642210210299706	0.045676102566189626	0.08842841934855449	-0.020955640551145738	0.07294899110752222	0.1985003635907916	-0.421585191302392	-0.14517140587979838	-0.16297178712033744	-0.18625990929965838	0.11093540158671476	0.08052455273521326	-0.024471780676312352	-0.08864833757715472	0.09609019354225465	-0.10757836722536596	0.12317143587017369	-0.1478827359330426	0.07259010094652982	-0.012998497675398506	0.02730383985243387	0.011109353346754058	0.0023564506763165127	-0.14662916099364323	-0.03186953707970757	0.05682327548974478	0.03440044460856404	0.042803099731542366	-0.07193050079955755	0.04914543656754848	0.2586004267371143	0.03981525819340449	0.078996261209238	-0.32575482456825916	-0.20376916601128559	-0.1905446244977729	0.0997761429639816	-0.040374923353115266	-0.011887445823472658	0.02912049558937088
GTA	0.02381984544035515	-0.10960564149888959	-0.07231933345452439	-0.09372243447474865	0.15153693839155727	-0.06202553130782054	-0.1462245483588887	-0.10317772226428076	0.023900486385984215	0.018880085301059314	-0.05418317758118712	0.15106222448149542	0.08854551109551673	-0.0016467651454476033	-0.020139221089655185	0.09846501271892832	0.022289329266520646	-0.14485588919914413	0.15454967173320938	-0.33936887580572306	0.29819581895222097	-0.062023428139396736	6.601180570031187e-4	-0.09173013367330585	0.2597257651527542	-0.16116735365221732	0.004825297234254053	-0.08081900170383732	0.17509004679491819	-0.07570030163910002	-0.010045519831978184	0.25638265064423865	-0.11840303976354472	0.3263824675074264	-0.1083785763250692	0.24028414870941014	-0.11941477478141135	0.1690521150606313	-0.07152424742966057	-0.019245109464431018	-8.774959147090297e-4	-0.0031429710972144254	-0.0036076657713429716	-0.10825173690762936	-0.02352828536930642	0.041950852251090034	0.02539677547110296	0.03160019371024547	-0.05310404557607277	0.03628254320947443	0.190916630564096	0.029394363478957717	0.058320476139664346	-0.24049462826212958	-0.15043642069190494	-0.1406731541019329	0.07366161481523588	-0.029807546813123854	-0.008776130539558986	0.021498753766292077
GTG	-0.06455451346681372	-0.14048642547301426	-0.01933027960425978	0.15091886521782033	0.11440898821930698	0.043633859773562045	0.05565708714801339	0.07537298235198156	0.14832071457537382	-0.03433188149366295	0.22058728333640343	0.1947802536751546	-0.2585135141014547	0.1693609113178521	0.2138732754500187	-0.0945001839371632	0.11274301712796361	0.1370995091319686	-0.3053838777091048	-0.02274410448732474	-0.05951178126310215	0.1828382554257315	-0.17828913556771037	0.2222010908927573	-0.09837959731153245	-0.01931667530434189	0.16012530447055107	0.012226982400738842	0.08381355710031121	0.08808217405695266	-0.0728869674465854	-0.07520154446216427	0.04318659326240701	-0.09162741938623335	0.024483963533318887	-0.1284836373671064	-0.03089171721745808	-0.056536553862879396	0.05859256295442833	-0.013748592082451716	0.008043753873575192	-0.034197572668979714	-2.86993981242184e-4	-0.15138176659949257	-0.032902505825858845	0.05866505522718057	0.035515446186575386	0.0441904516767716	-0.07426194223327338	0.05073835898318579	0.26698229177308175	0.04110576697082632	0.08155672102036955	-0.33631332599378916	-0.2103738173243114	-0.19672063644802806	0.10301012898127318	-0.041683572231438155	-0.012272746682298911	0.030064361254599308
TCT	-0.09989678445004187	0.0035261040547119623	0.0423211540169177	0.04720508268020235	-0.028553944714025226	-0.015338321970842284	0.1018428327923209	0.13237968722216217	-0.041056419935335015	0.15288339345352514	0.07176483720361737	-0.27181269847434597	-0.08292248691041862	0.29496901587943136	0.01150275972400222	-0.00464217863870129	0.16212718291607514	-0.041398930509451065	0.07223925221401119	0.022754728319966742	0.20354888722668882	0.1166994614594719	0.0683570868283301	0.04964763613490206	-0.3777555947430845	0.10348414351942793	-0.26475975148100694	-0.03035405511013796	-0.003544063229252159	0.12250609964234996	-0.03956309354681494	0.2817618197413679	0.09304423367211948	0.131404128820657	0.03879091467986864	0.19431823849192528	-0.1557898584658049	-0.14233278049412573	-0.1902488729864526	-0.005738979765117225	-0.12432689847339273	0.03628966541926093	0.0015235068766705287	-0.09354057860020439	-0.08309832461104966	0.22865432074215902	0.021945412979133636	-0.3034841472613818	0.08061065987012243	-0.049393635060738184	-0.060995550680646035	0.07549981313563779	0.02384839319761401	0.0027878386121767545	-0.0048894728390749525	-0.012436946408094243	-3.964602395737952e-4	0.005064315176131045	0.01414396738527159	-0.002002231464259754
TCC	-0.007146183350791294	0.17629485134975587	0.04771044064744616	-0.0476204938517612	-0.13286742288661096	0.013253072800346821	0.0440110187107543	0.01764056116567174	0.006078807204911385	0.1199898942515934	-0.02722902329587499	-0.11409682711789047	-0.0460103130725906	0.3475769064914403	0.16730379687996944	-0.11696708071229725	-0.135972035139612	0.029236214475577053	-0.0908463047215865	-0.13250260776283346	-0.006139907954746879	-0.11533648363692205	0.06104464396655868	-0.050499814779803004	0.24241260657507463	-0.20853893557663697	0.18775158323386126	0.30299268760995657	-0.15596225913866468	-0.17719667276667617	0.06983943159419728	-0.14640009744684926	-0.28387896785117545	0.07002439248594619	0.16518227939738014	0.03348101831240147	0.10894135598950785	0.029185781655445664	0.19823373209617084	-0.09332385133192622	0.07500093147187006	0.006917079445435542	0.001420022171114154	-0.09740798482629748	-0.08653399908289837	0.23810796275394142	0.02285273927601737	-0.31603160525451207	0.08394348261439517	-0.05143579959106119	-0.06351739281586019	0.07862132950595684	0.024834397621736327	0.0029031009354104236	-0.005091626577945587	-0.012951148102076357	-4.128517652824085e-4	0.005273697717228878	0.01472874533240482	-0.0020850131034891146
TCA	-0.03253425545866468	0.042009485409637636	-0.09007086410415371	-0.12281059918869669	0.1192215391352324	0.2044028136744496	0.012470037885917135	-0.045884288764378264	0.1839047328366822	0.11695496889813206	-0.22607024024372283	0.07613683328511892	0.10272021943116647	-0.06473160351155707	0.10717861035608772	0.07492141493651058	-0.06832503593380033	0.07855319624095329	0.04404946054064235	-0.07632523374396248	-0.26766387552170584	-0.05669003281899173	0.012171570326772532	-0.17154608339387573	0.10441571743082287	0.15106445708675903	0.24804995185393325	-0.31387067412182496	0.11776479102016976	0.06547257215855073	-0.18704073779958763	-0.1734853317372483	0.1968352102948837	-0.07629132118806499	-0.13890364057834215	-0.050348612847009325	-0.11809441214668573	-0.07885030463043474	-0.19432076928829378	-0.17430300714240668	-0.20092962981006368	0.10062346542026612	0.001747647048599369	-0.09206559079328666	-0.0817879947263003	0.2250488017242021	0.02159936833149108	-0.2986986795691555	0.0793395565458187	-0.0486147751205475	-0.06003374677824888	0.07430929982616152	0.023472341544871437	0.0027438787818855714	-0.004812373542408403	-0.0122408353236675	-3.9020868513535336e-4	0.004984458890795248	0.013920939264781919	-0.0019706594231137242
TCG	0.2112688342488056	-0.21586951254074732	-0.09533774481030151	-0.05209205879488146	-0.013728995618019268	0.05352325671815346	0.07453381906277902	-0.03610756032481238	-0.029906719197128145	0.11782362470083682	-0.0444921724108375	-0.07523650784575567	-0.027269845453557345	0.062108524353621686	0.0017595263651185855	-0.003293276393062039	-0.07559484015130195	-0.03683571069673737	-0.03823913021507189	0.011228024757486995	-0.02177384774869842	-0.053122775833093556	0.0075085576686649	0.0828472307961246	0.1271574706846777	0.14579724845591752	-0.07302624742834532	-0.14550696790330186	0.11404192455587794	0.078417365463823	0.02966150479745189	0.017113807809844984	0.05400457546962725	-0.09018178326941148	-0.15522881926500975	-0.06808732852562227	0.0886891641341133	0.17248686866118942	0.1410220777664376	0.6953224171867108	0.22971196117514425	-0.2196022736915534	-0.001716626059964299	-0.060454864872387215	-0.05370608200911664	0.1477782826428284	0.01418322396628139	-0.19614047067224735	0.05209831521943955	-0.031922889272639324	-0.039421156351573214	0.048795197435260715	0.015413111718577507	0.001801767843509989	-0.0031600448084338445	-0.008037943807681481	-2.5623051053753784e-4	0.003273044642504715	0.009141183963492857	-0.0012940333962696852
AGT	-0.05630862852448746	-0.07790533724500924	0.06505570096017015	0.07676419910034181	0.004623861984768062	-0.09299223558535183	-0.049528134349785355	-0.03571643960405363	-0.102868249918652	-0.21161152872638128	0.12614969610489496	0.13716621075913196	0.0519355007963772	-0.2050677233864974	-0.1587477679993641	-0.0432418299813454	-0.04988646645243841	-0.10821836870193836	-0.20132529800702278	0.189219581647887	0.10989298975602711	-0.07478269703961268	-0.022847181751346077	0.22404504562464173	0.031796904547946064	-0.0493324732688635	0.10388160417258979	-0.09987381780416656	-0.11865755758304702	-0.3093616583261003	0.4487222802691868	0.1788643297975654	0.10189570027282774	-0.13562744254782158	-0.2537052409194253	-0.06595945788833699	-0.05660501386463751	0.03262437288763008	-0.0226633357818668	-0.11064386546337537	-0.09837274418741948	0.09076125198846322	-0.0016285576435178676	-0.08474446819679081	-0.07528415402801789	0.20715275768189798	0.01988177088602663	-0.2749459437892131	0.07303041742860188	-0.044748892920782414	-0.05525981966494301	0.06840017037400202	0.02160580391016889	0.0025256835497794563	-0.004429690105735225	-0.011267435214941529	-3.591790072993116e-4	0.004588091102327606	0.012813936071323058	-0.0018139511555816264
AGC	0.04780276012209229	-0.01630556586232021	-5.997521451770321e-4	0.0775941261616031	0.04818094721204226	-0.13318993324690653	-0.14496538636467363	-0.04430723459428054	-0.02997483231755592	-0.24631806475301365	0.08308541911341627	0.21316546050446813	2.728387750482175e-4	-0.39744049205877396	-0.13189608824700544	0.08348135167686205	0.1250021655852959	0.04927421860227329	0.16527297915345143	0.010358636242335177	-0.01704870653482385	0.14322327008218563	-0.11371821532073284	-0.07524979507700696	-0.07853309033363676	-0.07507282148494562	-0.19696959412083898	0.18495375727217028	0.07445228072435342	0.2017266928095967	-0.24399839421397915	-0.11691969669564901	-0.10511993464459402	0.04610777776796334	0.2274044190514134	-0.06737114414885217	0.13545683484905743	0.043080366054444624	0.09276720079115519	-0.06630663084536487	0.16396863834748251	-0.073552327311068	-0.0018980957041579054	-0.10533700830365154	-0.09357787861229402	0.2574899839525905	0.024712955423230678	-0.34175662176232163	0.09077649374389649	-0.05562268081297846	-0.06868771740224179	0.08502111663413933	0.026855921033188093	0.0031394137542727777	-0.0055060856877042095	-0.014005373354176351	-4.46457956247189e-4	0.0057029774429815435	0.01592766724564285	-0.002254733459347174
CCT	-0.1641216188569143	0.023805880042740233	-0.019905697132979	-0.0335606143260478	-0.015699386906812066	0.019791773328131458	0.1406792041841936	0.08748126351581142	-0.22806566036630835	-0.10048087865807026	0.10614586165291803	-0.008902850624758887	-0.023543923432164767	-0.08385057318807773	-0.044388653010528106	-0.21272668924977262	0.09613602710855965	-0.23488522700118403	-0.0207760496897538	-0.08356061658631125	-0.16861221091970743	0.3198593147041949	0.44344845866677995	-0.025993192728081427	0.13519494936421658	-0.11299159642889252	0.13499000558449292	-0.058897866356705186	0.1751722933801143	-0.008789352419754037	-0.05897304334215984	0.02786652510846209	-0.022329042221233775	-0.02449366671071121	0.08601677325059841	-0.013532676115401564	0.02537654154647581	-0.012842149874662728	-0.08231703740175642	0.12467846039227298	0.007894923155609301	0.1432724774781175	0.0019072348526948234	-0.22842047060111226	-0.1016332512885	0.06020454985069548	0.05358937944626426	0.08312760424700319	-0.11121855262726049	-0.057992768742555385	0.22428550010478895	-0.009429973446841398	0.17009051918370313	0.17579845358527646	0.11494507795192944	0.19967861857868802	-0.05389464733202244	0.037769727167761426	-0.0360467156581489	0.11829937623908583
CCC	3.903196958133535e-4	0.1307728999302454	0.05039024570764914	-0.18685948889915308	-0.057253176965269666	-0.0028558609776878894	-0.1798673252740039	-0.0842015467941461	0.10655031326974168	0.12195783097640472	-0.13059338217732397	0.18466205469029587	-0.015184687647930906	-0.011785241973999161	0.2790617423638198	0.07300163116289142	0.119163969516701	-0.10082272318552715	-0.2570508084100207	0.06295506867012014	0.1343821331714077	-0.19856910428085292	-0.1534690368449616	-0.24954276167864034	-0.29519257460151394	-0.12991730394058781	-0.18840107682523144	-0.0428077732305505	-0.10480592679873754	-0.028838503564826895	0.07251082626624572	-0.05709396603001076	0.09324063385373474	0.016244214942401705	-0.06594220134412669	-0.07939407745685498	0.03148259269157056	0.04832677444150646	-0.025721638786470533	0.047389636152801506	0.19687662110366036	0.0750597368901241	-0.0024764450880463977	-0.22739406238763785	-0.10117656190505678	0.059934020487487805	0.053348575375272315	0.08275407005568913	-0.11071879165747117	-0.05773217802578288	0.22327767239624355	-0.009387599826941078	0.16932621681857446	0.17500850259620315	0.11442857182707238	0.19878136198156673	-0.053652471538678054	0.03760000876168509	-0.03588473961054273	0.1177677975627038
CCA	-0.03851752542331897	0.026207935501070645	-0.03345761634170232	0.28506415875265356	0.1140455382766723	-0.0826075466470121	0.05244302379760613	-0.029327826502811627	0.15227843248864073	-0.07386381048567783	0.029395106655423053	-0.10880644971277281	0.04127980625664915	0.07172147700129139	-0.189421955308697	0.19484225107580405	-0.18589351992880657	0.3560493460870135	0.22277399895646963	-0.01927992431973609	0.0652042035751456	-0.14408584588349815	-0.223780746313053	0.2279841340784162	0.09216054903508591	0.1515419365889305	0.11671206959220617	0.04396504778978556	-0.08885118932656487	-0.0525824095614273	-0.003049872567345027	-0.022527083320311135	-0.06433228630110674	0.07762348057322144	0.10292686123232433	0.014179093260512643	-0.00537859662972727	-0.04487728280332601	-0.17761417731326595	0.1440186789055633	-0.0037229226158337347	0.12708606082800802	-3.261654205967765e-4	-0.23145613708885274	-0.10298393870353181	0.06100465736255859	0.05430157254724037	0.08423235498039719	-0.11269662695281031	-0.058763482085977425	0.2272662135870897	-0.009555296077941183	0.17235099123163106	0.1781347830427067	0.11647267712091482	0.20233231108331534	-0.05461089738764965	0.03827167996871923	-0.03652576994968676	0.11987155342191246
CCG	0.25666087827860695	-0.22854057121839513	0.004612829622979376	-0.08768611621580874	-0.054260514960030995	0.08450192037043507	-0.018683630495369995	0.03298666207053949	-0.0408961949237788	0.06824862387440149	-0.0075000665971697855	-0.08186941396247299	-0.00401015553312584	0.028997687753595375	-0.05250596069466768	-0.07263097681014061	-0.033418320274222285	-0.03231167963487851	0.06447731664746248	0.05117026946570298	-0.039540219453038705	0.030149613956985698	-0.08090400684326798	0.054937406307644376	0.08264013854514905	0.1123658869967391	-0.08316270855051967	0.07210612901450518	0.0242970348335593	0.11491053435545734	-0.012812065439911438	0.06556614835280242	-0.0067156379750018536	-0.08902848991057627	-0.15780429495367565	0.09899027888984668	-0.06489556321136752	0.012919249102619426	0.36442683554872546	-0.40226230808347463	-0.2533089977488562	-0.4389484839754897	0.0011247857901748879	-0.18045250600397134	-0.0802904172295837	0.047561682474469284	0.042335688175528054	0.06567092898899317	-0.08786281931259596	-0.045814372162719774	0.1771858732615097	-0.007449692821117593	0.13437175903474508	0.1388810355639446	0.09080677977180578	0.15774640085064195	-0.04257685025195055	0.02983813972790087	-0.02847695811416425	0.09345668032673148
ACT	-0.1014265297056216	-0.026055467563055774	-0.029436559675831753	-0.24273390721710986	-0.024475852487298454	0.02145528516149566	0.00812066169921483	0.18451091947577455	-0.06879671957272701	0.12739678336051105	0.06662498249947274	0.14202770794998676	-0.0703762552334872	-0.2257416045995181	0.04151923191942329	-0.04819882160490739	0.1552754517312634	0.14426089337208817	0.2024908414880994	-0.19540294518262405	-0.040390119441366806	-0.2640534883326578	0.10947636732896343	0.31715803230236667	-0.19802889159056195	-0.10165264453409764	0.05079046533561349	-0.08026795075930782	-0.1604296736481718	-0.13751004424826901	-0.051366701500887985	-0.1371148871736452	0.007007609167049643	0.04247483593369031	0.01288688079002642	0.161710213685175	0.004310361887917669	-0.10626628657581914	0.16417312080853885	0.13470198092538077	-0.12604448415962238	-0.04504386466640632	-4.0938721897786225e-4	-0.06440683732112715	0.0023465046381076758	0.010710504169797169	0.015110390216133671	0.019571469934324896	-0.009668591432369904	0.019167815514975393	0.07501156324425128	-0.013173191385169149	0.046889666274059764	0.04238740693740029	0.005349851916865091	0.03329448069033883	0.04683412555815809	0.100857974604534	0.17348626395672054	-0.4411582669018406
ACC	-0.07485154207228292	0.16656618033333911	0.022976204968069625	0.018858679457744346	-0.09692636722929	-0.22475735106975941	-0.10126953106068869	-0.10408581304827075	-0.11278812300327584	-0.10844901493593362	0.079582804695877	-0.11936325073613435	0.11431003029776769	0.06060164562419494	-0.004065938144460338	-0.2055347502752933	-0.057067553686776094	0.18593437988270253	-0.14069821687408324	-0.19159060261326222	0.27159104999572686	0.157844424861085	-0.08085323271439976	-0.25786474359226486	0.09845004919395375	0.3064887549927395	0.09236844243645029	-0.03150714513015668	0.05603257587205192	0.19099664913563716	0.053929115231282514	-0.006715555483137635	0.193046574083074	-0.0796698153072476	-0.05584317557905194	-0.03989344161499006	0.04647057911149438	0.09763220482351748	0.07791355524162133	-0.04740338784967993	0.037710471579784854	0.031348037150045624	7.559418676608331e-4	-0.0686932521760182	0.0025026696161785053	0.011423311475454705	0.016116019490595695	0.020873993749308498	-0.01031205718329564	0.020443475251993127	0.08000374563283354	-0.01404989587165368	0.050010275364922724	0.045208380894728985	0.005705896176787016	0.035510300664628354	0.049951038293795234	0.10757029178327766	0.18503215147229612	-0.4705183073456517
ACA	-0.01707219829824566	-0.0012676607030534437	0.03729818997115254	0.23550788064200884	0.12452900497553755	0.17958676037212648	0.02455685787088366	-0.05784537513539168	0.18051359330078942	-0.0590364632997436	-0.10638517692905924	0.07290387550721092	0.0701103163912036	0.17657935842780656	-0.08696908864098571	0.30105912301853094	-0.08274969879953134	-0.23305212920439905	-0.03825072900344778	0.25405679978191437	-0.2174922891809868	0.14748810268754942	-0.04355050882277847	-0.11528902353116843	1.8076179141717982e-4	-0.23499971585703028	-0.06975720324034962	0.0862333653446596	0.1359906953589142	0.057149194175534546	0.1328703953185036	0.031050841713432167	-0.07156204593914517	-0.014307984349980929	-0.051585745250304946	0.23022611337314	0.07310045472068641	-0.13370062435124466	0.09794421996114117	0.08831621743194139	-0.06160886911051801	0.048574057912090345	-0.0018389112424438687	-0.06735284262168129	0.0024538350922826634	0.01120040871049852	0.015801548042254213	0.02046668007915258	-0.010110838293004345	0.020044562277522028	0.07844263472845765	-0.013775740637082166	0.04903442622704185	0.04432623099255034	0.005594557180463758	0.03481738913721545	0.04897634504726666	0.10547127561645385	0.18142162415212307	-0.46133709645989174
ACG	0.23532956097267788	-0.1776032890973865	-0.04027057265808371	-0.02796355173492537	-0.0028036263527556437	0.03599922091398238	0.08770634958721016	-0.015372522265350564	3.7909104505395863e-4	0.05910233412712507	-0.04757455254520218	-0.10750378505587921	-0.1475692427929774	-0.027832843465461887	0.06354368512785945	-0.05604219164602091	-0.009307643875150859	-0.11683887088455588	-0.0146891522370253	0.15845240338887742	-0.025807062861553043	-0.0691762369614523	0.026356598297075467	0.09269641838925367	0.10972412629265463	0.02424665803084388	-0.09024719936728845	0.028004011751419332	-0.049099285032455565	-0.14887230098811	-0.17149180789882298	0.1321428368731864	-0.1631796151850622	0.0679110226894839	0.11891963998980429	-0.425384617588345	-0.15402143809488328	0.1677725582660118	-0.4133029383685909	-0.20860339552414484	0.17758057681962738	-0.046313965010868825	0.001803755062163238	-0.054494721726899516	0.001985381096217869	0.009062173653672363	0.012784923841353681	0.016559450086638214	-0.008180609722708133	0.016217917476573543	0.06346739624729779	-0.01114585700289435	0.03967341701210801	0.03586404862983048	0.004526517736557461	0.02817051008443938	0.039626423929021444	0.08533608369262179	0.1467869883227401	-0.373264671768801
GCT	-0.19732728409720413	0.036880025648994265	0.0034869115340455475	-0.03217444782716165	-0.07565480743953004	-0.09183998352902464	0.040729074557865265	0.18320315753530905	-0.028116648432487373	0.09369076320028596	0.15177336043318113	-0.1641278075683434	-0.13684722847478253	-0.1099969924990659	0.03440863251947973	0.08243244815060209	0.23027412021931962	0.05250306059148274	0.1296414565710331	-0.04008109245239681	-0.13211582921650927	-0.05027945042781674	-0.31131333113682425	-0.293082675868681	0.1032468354250704	-0.10235274734403232	0.05587717820635604	0.04400575175241278	0.16807100933677696	-0.09814940455126435	0.15406002266074256	0.09547137006678784	-0.15453852500526344	-0.22587950187526262	-0.09346634601997675	-0.03418163378756946	0.023979455978288433	-0.02823726633500595	-0.1887267297269941	0.0739164542460869	-0.06814458872980188	-0.21301216422653532	5.237011047652505e-5	-0.049283206247633445	-0.05442192369738072	0.05304030655469819	0.011562258115407566	0.0405290032956735	-0.030497799060163956	-0.07237118734555983	0.044769695503305874	-0.025558306644382356	-0.2836500352601106	0.2092841526875132	-0.2947036410955288	0.0541754002093182	0.16149408796397952	-0.02191911584858993	-0.003223962182184889	0.017627163993956904
GCC	-0.04224825071701043	0.18395242654925215	0.08016527925506364	-0.098901547366849335	-0.08359277165384647	-0.10870240394717508	-0.1438021598979428	-5.719418105701217e-4	0.10168742082869511	0.031331689533022455	0.0017680874735505406	0.15860706243141642	0.20790296139037812	0.15518348524456882	0.037678096224182236	0.14783048523344114	-0.0680672758901234	-0.10590798374420587	0.054299964460131286	0.32268314128507036	0.26988801285515657	0.16030806965685296	0.18177336696320012	0.2642472013547973	-0.0069476023545654315	0.11016075266874438	0.13246599480901117	-0.1813612161618348	0.07203734914557784	-0.07214559827144022	-0.20800893471886295	-0.10976631017275976	-0.06824509377490928	0.02454719779815351	0.08103116732703737	-0.058736095067679475	-0.059178596045799226	0.02380876239019042	0.11179388392261741	-0.00882857351926457	0.03282381656047886	-0.12250237607744453	0.0011268650991884614	-0.05125750594747913	-0.056602081925741385	0.05516511679501608	0.01202544556737825	0.042152607057158606	-0.031719549837251865	-0.07527039834120566	0.04656318263866459	-0.026582179906260564	-0.2950131388833083	0.2176681372391126	-0.30650955541114394	0.05634568263442729	0.16796358850321153	-0.02279720205960734	-0.0033531150529747663	0.01833331335460387
GCA	0.01028250009835497	0.007414079191461867	-0.0321079737762501	0.20781543926564094	0.18270174485657315	0.06781964984115055	0.0815167333288612	-0.25282224440737044	-0.07958033830316594	-0.1854155480004131	-0.13946852419704234	0.017518807142929083	-0.011274029147468348	-0.032165401233906155	-0.04741891757370198	-0.1403495663149194	-0.15336233111160624	0.06513839096032212	-0.2676835716317649	-0.22841726383691213	-0.13606021237423815	-0.16657992133232954	0.20644586863188946	-0.024203339059444336	-0.11169267443390715	-0.09866872155400125	-0.09387435207057716	0.09358339160678138	-0.22851503193177808	0.07766460555106917	-0.043233413423803296	0.05543121316223339	0.2007917185414425	0.19546888739637083	0.039512659082575514	0.03219178597342737	-0.013149072142079665	-0.03624223388750483	-0.09646571963292151	0.03795954229618508	-0.07763458438190718	-0.2812211396832649	-0.0012497146455899921	-0.04747265388928376	-0.05242258660471863	0.05109172691810445	0.011137487178356286	0.03904006034561801	-0.029377379626910897	-0.069712435330387	0.04312495921385221	-0.024619352873032782	-0.27322938126074053	0.20159553124698343	-0.28387690288132394	0.052185119826165915	0.15556116427485217	-0.02111385762952871	-0.003105521180135264	0.016979582276567942
GCG	0.25235439670179977	-0.25669557670060983	-0.06101012782967069	-0.07105302738719403	-0.014608524123445064	0.15223173789549727	0.03306198080358958	0.06645350874679683	-0.0010772703325643692	0.05707364675038089	-0.021015611366718662	-0.019314945952227158	-0.07474163463284389	-0.022272088752531893	-0.030452329197024966	-0.11015439096665747	-0.01281812619256173	-0.005560233962561584	0.07824096934350536	-0.08235334011041195	-0.019112069388252297	0.048002447003019436	-0.08355352810978856	0.0453348203338898	0.012618011488072275	0.09033712702521773	-0.11258950094925957	0.05941794967320122	-0.02494962216330992	0.10729904962749165	0.1133560110769781	-0.037851083033286374	0.03501503875259783	0.013155411142560747	-0.03149150779462638	0.0700919061323851	0.05479365668735564	0.0418681346031774	0.1803803878225467	-0.11048987598351727	0.11865845442409571	0.6667748374573119	-2.2441478305858388e-5	-0.04518377243901827	-0.049895045457886394	0.0486283528190367	0.010600496180032008	0.03715775416255254	-0.02796095703881928	-0.06635126870059065	0.04104570071235275	-0.02343233728633225	-0.2600556989152423	0.1918756560320069	-0.2701898530972692	0.04966902807724914	0.1480608238868721	-0.020095858568753865	-0.002955789297877357	0.016160916208377736
TAT	-0.050918160649805935	-0.053150176170775776	0.2361410943730872	0.2425910431826146	-0.020421281184876544	-0.04818939473741924	-0.1553569542145008	-0.08753397200795464	-0.31534600400880475	0.38131473099231317	-0.0804503818177388	0.19955363813409122	-0.08428847321693074	-0.0076088962130063525	0.034599302161097766	-0.023147483436411494	-0.0357053754742207	0.10949878686701245	0.04676877681648745	0.06995802842965897	-0.07574747652015698	0.043546178516463335	0.014574899081468182	0.0030771522927907358	0.09212583911752942	0.026867441140025816	-0.04136231235352936	0.017574850443927738	0.021437978191390122	-0.009288461702432367	-0.009242323197248513	-0.010120784947776074	0.0313247414990672	0.013178061763789994	-0.013887445178640226	0.03175017341357625	-0.029308134451495466	7.706398934048675e-6	-0.04072117550063895	-7.661567060929261e-4	-0.004427282055223365	0.028611985327342427	-0.7067689727107315	-2.914335439641036e-16	-7.450637329320386e-16	6.245004513516506e-16	2.40692882291782e-16	1.1102230246251565e-16	-3.642919299551295e-17	-4.592680402648597e-16	-4.787836793695988e-16	4.996003610813204e-16	-3.3306690738754696e-16	2.42861286636753e-17	0	5.065392549852277e-16	1.3877787807814457e-17	5.551115123125783e-17	2.220446049250313e-16	-5.273559366969494e-16
TAC	0.05095455076476651	0.054137352601719	-0.23799745303002573	-0.2460359145458633	0.015673521345458803	0.04900001836281727	0.1558745016885083	0.08691308175550502	0.3126286322802839	-0.37711011001794265	0.08036128723604291	-0.20281730584210209	0.07988576883863598	0.011463127513499156	-0.040113407739022104	0.025171475376791222	0.03209490639169957	-0.10765456340941483	-0.0461073529977756	-0.0717428442689006	0.07550589028495269	-0.04036162547899511	-0.009664576974161426	-0.0019742950744539786	-0.0943258422497936	-0.026178625985442426	0.043873704391290624	-0.019467109158753573	-0.02089362342039424	0.010811800790282763	0.00877161523596607	0.008490414739426431	-0.032561727303380146	-0.017420439122547815	0.01467967144183377	-0.036213667185342045	0.032719605330938546	-0.003995947239316049	0.03767190129588837	-0.004745251003875205	0.004295335425503397	-0.029010781598777558	-0.7073284912707515	1.0148132334464322e-16	-9.076940588048643e-16	5.134781488891349e-16	1.6241348543832856e-16	3.2959746043559335e-16	-4.683753385137379e-17	-5.85794433793918e-16	-4.527628272299467e-16	6.765421556309548e-16	-2.8449465006019636e-16	-6.938893903907228e-18	1.1102230246251565e-16	2.7755575615628914e-16	1.6653345369377348e-16	2.688821387764051e-17	4.440892098500626e-16	-5.412337245047638e-16
CAT	-0.12015008140350203	-0.11228130129933672	0.07720661284197343	-0.15930544027401955	0.19915280670731747	-0.20743168715735283	-0.26748493547748725	0.26665148857371557	-0.09771829880810638	-0.17239800138332256	-0.2865437033606287	-0.06386496377920564	-0.09503237580270854	0.17620716145442933	-0.07137139287974023	0.05331820823462256	0.014481315263203245	-0.02262878002785	-0.04337929598292078	-0.0016001997777194896	-0.11339224059861404	-0.03061285531663394	-0.0019951068110437634	0.060349340380711505	0.05982391583542203	0.010609791340230684	-0.004669115896224076	0.021728601415717662	-0.06592154247439225	0.09522129628721396	-0.0035270013313220584	-0.007085463481063498	0.01813980510227809	-0.029031377395092824	-0.011300410802258461	-0.05159203655139791	-0.004377393159493988	-0.007995588693252348	-0.009056677851017826	0.008382083216648073	0.02489680638508306	0.01672079253500768	2.607557313424293e-4	0.0033612922756899683	-0.04286830620422209	-0.01846072481484661	-7.885876721893942e-4	0.18013221658209821	0.6151863963064	-0.247013732019241	0.14339911426537552	0.02954743898963986	0.034282422107930144	-0.02655733309633384	0.005642624575799594	0.006166276700772303	0.023935254858024953	0.03292904731569276	-0.02835401166007905	0.006627524370158011
CAC	0.12015008140350215	0.11228130129933706	-0.07720661284197351	0.15930544027402008	-0.19915280670731783	0.2074316871573534	0.2674849354774881	-0.26665148857371634	0.09771829880810666	0.17239800138332312	0.2865437033606298	0.0638649637792062	0.09503237580270879	-0.17620716145443013	0.07137139287974045	-0.05331820823462273	-0.01448131526320326	0.022628780027849973	0.043379295982920715	0.00160019977771933	0.1133922405986145	0.03061285531663419	0.0019951068110437634	-0.06034934038071173	-0.059823915835422056	-0.010609791340230948	0.004669115896224079	-0.021728601415717825	0.06592154247439294	-0.0952212962872142	0.0035270013313226135	0.0070854634810636405	-0.018139805102278014	0.029031377395092928	0.011300410802258479	0.05159203655139817	0.004377393159493877	0.007995588693252382	0.009056677851017759	-0.008382083216648175	-0.02489680638508318	-0.016720792535007696	-2.6075573134218976e-4	0.0033612922756902286	-0.042868306204222044	-0.01846072481484654	-7.885876721894074e-4	0.18013221658209755	0.6151863963063978	-0.24701373201924018	0.14339911426537508	0.029547438989639654	0.03428242210793018	-0.026557333096333666	0.0056426245757994	0.006166276700772256	0.023935254858024897	0.03292904731569259	-0.028354011660079073	0.00662752437015799
CAA	0.17869719145937482	0.16982459886310672	-0.09823409715571081	0.09912653595301518	0.0888154857543729	-0.12743073144888117	-0.27718424601794633	0.19041048142227465	0.161177499751088	0.1875572678017889	0.23282964796833194	-0.04337231823257204	0.08905588079071995	-0.05368919958852372	-0.11007186062183996	-0.20572652032218197	-0.05961185150961598	-0.15990204102253897	-0.08623976316207832	0.01939288851740175	-0.17658402817716892	-0.061789251579510734	-0.03831215963872707	-0.008251646967382814	0.001668072524617572	0.010476720217220958	0.030327118545833073	0.015998085024564877	-0.037773856304454546	0.012663006985537512	-0.06168504111222822	0.03387180687169017	0.03589581720881562	0.07469792759850115	0.0049880950562383	0.06676487321740579	-0.05418856830523296	-0.0013695803002619755	-0.03079574537705216	0.0555382419735592	-0.013413532174771675	0.015296222322890704	-0.0015986157231061312	-0.019467995731837003	0.02626617834062261	-0.06468297209335541	0.00456735689050182	-0.044832666613089135	-3.6568574364669384e-5	-0.0205719454095914	-0.11972927064911325	0.019833045732992688	-0.023977558930375426	-0.34234396213704776	-0.01641556619317076	0.5400657921778728	0.2563741005083009	0.03991406519681516	-0.02002114859313184	0.011323176437981183
CAG	-0.17869719145937504	-0.16982459886310694	0.09823409715571096	-0.0991265359530153	-0.08881548575437304	0.12743073144888142	0.2771842460179468	-0.19041048142227507	-0.16117749975108825	-0.18755726780178927	-0.2328296479683324	0.04337231823257215	-0.08905588079072004	0.05368919958852395	0.1100718606218402	0.20572652032218222	0.05961185150961608	0.15990204102253922	0.0862397631620785	-0.019392888517401154	0.17658402817716942	0.06178925157951062	0.038312159638727125	0.008251646967382873	-0.0016680725246181576	-0.010476720217221288	-0.030327118545833052	-0.01599808502456517	0.03777385630445479	-0.012663006985537479	0.06168504111222832	-0.03387180687169034	-0.035895817208815746	-0.0746979275985016	-0.004988095056238212	-0.06676487321740618	0.05418856830523307	0.0013695803002621628	0.030795745377052514	-0.05553824197355953	0.013413532174771604	-0.015296222322890506	0.0015986157231067644	-0.01946799573183721	0.0262661783406228	-0.06468297209335522	0.004567356890501904	-0.044832666613089156	-3.6568574364577444e-5	-0.020571945409591147	-0.11972927064911303	0.019833045732992625	-0.023977558930375224	-0.34234396213704693	-0.016415566193170562	0.5400657921778719	0.2563741005083006	0.03991406519681524	-0.020021148593131664	0.011323176437981263
AAT	-0.01824382743198929	-0.0853440788128917	0.16412349911485932	0.0269773101458507	-0.07994531931470111	0.39137848155143434	-0.3080497175997935	0.06544434370481962	-0.12755667630226752	-0.21153601191010696	0.2200408539099638	-0.11886162550418192	0.1415504449705585	0.032017006094717984	0.1740374806408875	0.05217795295824268	-0.010142666532099913	0.04713761060909788	0.008005097397600889	5.608913121408982e-4	-0.0086671327487324	-0.07347563398230714	-0.007125929509764152	-0.009991218268891815	0.04202892026583422	0.013681209346585286	-0.01205382791648597	0.004209696008274913	-0.007311507247947357	-0.029833144510785732	-0.08543872460512413	0.016393883974708215	0.0208120281218235	0.03544243307407393	0.007659378448157185	0.0056925414180742165	0.009471224764507818	0.02085004111893778	-0.05911988671984135	0.057521793219013406	-0.02240896713871243	0.008959577505383813	-0.0015593258021720617	-0.03391006966517672	-0.017765533362612482	0.052958412313008255	0.0079555899064308825	0.030811397846399316	-0.019860794031720527	0.005091896143872644	-0.030079662031908695	0.02392267615350634	-0.010704931266950001	0.004839252120559811	0.020123691908854054	0.003100914596317536	-0.01817530987013415	-0.1080361654938941	-0.6363467915548277	-0.27445914129647236
AAC	0.01824382743198931	0.08534407881289165	-0.16412349911485943	-0.02697731014585076	0.0799453193147011	-0.3913784815514345	0.30804971759979355	-0.06544434370481962	0.12755667630226758	0.21153601191010699	-0.2200408539099638	0.11886162550418192	-0.14155044497055871	-0.032017006094717984	-0.17403748064088753	-0.05217795295824272	0.010142666532099932	-0.04713761060909787	-0.008005097397600806	-5.608913121408167e-4	0.008667132748732386	0.07347563398230737	0.0071259295097641905	0.009991218268891756	-0.04202892026583437	-0.013681209346585493	0.012053827916486333	-0.004209696008275433	0.007311507247946853	0.02983314451078553	0.08543872460512432	-0.01639388397470813	-0.020812028121823575	-0.03544243307407387	-0.007659378448157362	-0.005692541418074224	-0.009471224764507877	-0.020850041118937818	0.059119886719841495	-0.05752179321901362	0.02240896713871246	-0.008959577505383813	0.0015593258021720697	-0.033910069665176325	-0.017765533362612697	0.052958412313008275	0.007955589906430848	0.03081139784639925	-0.01986079403172059	0.005091896143872659	-0.030079662031908806	0.023922676153506177	-0.010704931266950131	0.004839252120559815	0.0201236919088539	0.0031009145963174444	-0.018175309870134135	-0.10803616549389407	-0.636346791554827	-0.27445914129647225
AAA	0.28034292308151537	0.0283190684957886	0.1254322786822534	-0.11541742781931237	-0.11457020398858475	-0.02040962448555837	0.04535784612877765	-0.018394891974064503	-0.0063422889392671595	-0.13514249628947994	0.05966756306726882	0.27110848003961546	0.03432770478326257	0.26960869302174834	-0.20619109439007077	-0.11665534364778292	0.20892912965211116	0.16374180572394134	0.05039734878324468	0.07030533724903285	-0.055798856184803465	-0.07652559665263878	0.03132620604591811	-0.09932364330815686	0.024625252788596598	-0.06227185781161313	0.013598105424476061	-0.030752832738872436	-5.004432483440464e-4	0.04613146370161271	0.0399570418591792	-0.028191641829456025	-0.002358133239599767	-0.02436834700328192	0.025575351951825073	0.040302271865638534	-0.03216090346636129	0.012428182521950416	-0.15845556508518463	0.06453664176864858	-0.09498254567111615	9.82683048391164e-4	2.842453748449201e-4	-0.05362965158233829	-0.0532866699441382	0.1401494527064977	0.012581971049502188	-0.012272947493316958	-0.002971565557050912	0.0048881137320252585	0.17180819266930664	-0.2970722063987413	-0.44848642966274366	-0.19642231292932535	0.2923840367836639	5.701881783157538e-4	-0.15944512160384056	0.07569728176912736	0.007854499274597929	-0.010288104258666567
AAG	-0.28034292308151554	-0.028319068495788767	-0.12543227868225365	0.11541742781931247	0.11457020398858478	0.02040962448555835	-0.04535784612877777	0.01839489197406454	0.006342288939267065	0.13514249628948014	-0.05966756306726901	-0.2711084800396159	-0.03432770478326254	-0.2696086930217491	0.20619109439007102	0.11665534364778316	-0.20892912965211163	-0.16374180572394167	-0.05039734878324488	-0.07030533724903276	0.055798856184803576	0.07652559665263894	-0.0313262060459184	0.0993236433081569	-0.02462525278859648	0.06227185781161336	-0.013598105424476384	0.030752832738872395	5.004432483440967e-4	-0.046131463701613244	-0.03995704185917933	0.028191641829456365	0.002358133239599597	0.024368347003282012	-0.025575351951825025	-0.04030227186563889	0.032160903466361204	-0.012428182521950468	0.15845556508518524	-0.06453664176864886	0.09498254567111665	-9.82683048391178e-4	-2.842453748447216e-4	-0.05362965158233832	-0.05328666994413782	0.14014945270649745	0.012581971049502216	-0.01227294749331687	-0.0029715655570509364	0.004888113732025213	0.1718081926693063	-0.2970722063987406	-0.44848642966274294	-0.1964223129293249	0.29238403678366315	5.701881783157087e-4	-0.15944512160384033	0.0756972817691271	0.007854499274597823	-0.010288104258666421
GAT	-0.13413403174019803	-0.1457130099744721	0.19588075195546523	0.10381539917960197	-0.21871269313609598	0.09977476993247635	-0.11736317446852584	0.03446271055159151	0.37401675961066344	0.06595134633054126	-0.20361800797490556	-0.0731501797337641	0.002812021788078071	-0.12880755283925702	-0.18629536781016376	-0.16873960582086733	0.11122946075502384	0.08926595914978333	-0.08938587840056687	-0.04536303919176702	0.09431305104206175	0.024673318272282745	0.11389196629020489	0.006717721324401113	0.03415209697115443	-0.04875939510444949	-0.0013192604432868196	0.0031337807742534488	0.019474119249504006	0.031226620828265106	0.003617590203550014	0.025183605608345823	-0.07820244509908363	-0.01153088284237487	-0.0032369409754997164	-0.03476775871149484	-0.018185512279503338	-0.003718954561052923	0.0053529447120961166	0.03844558816214607	-0.002118897458313307	-0.01613100011668833	1.3875785802986392e-4	-0.29989504717189847	0.6123928350142395	-0.03260959851304914	0.0703579212259617	-0.09744293635603754	0.08626903534877577	0.02885711021314476	0.014975423015493976	-0.05944824349404874	-0.033780571034552176	0.06288808775349257	-0.00939023838593886	-0.010271653785572848	7.468583361459752e-4	-0.005323737262181538	-0.027688806505739308	0.037556614002399236
GAC	0.13413403174019775	0.14571300997447162	-0.19588075195546467	-0.10381539917960168	0.21871269313609498	-0.09977476993247596	0.11736317446852541	-0.03446271055159151	-0.3740167596106616	-0.06595134633054107	0.20361800797490479	0.07315017973376375	-0.0028120217880782047	0.1288075528392565	0.1862953678101626	0.16873960582086617	-0.11122946075502349	-0.08926595914978297	0.08938587840056639	0.045363039191766985	-0.0943130510420613	-0.024673318272282585	-0.11389196629020414	-0.006717721324401217	-0.034152096971154525	0.04875939510444924	0.0013192604432867502	-0.0031337807742535737	-0.01947411924950381	-0.03122662082826515	-0.003617590203549896	-0.025183605608345587	0.07820244509908321	0.01153088284237487	0.0032369409754997996	0.0347677587114943	0.018185512279503185	0.003718954561052909	-0.005352944712096042	-0.038445588162145446	0.002118897458313186	0.016131000116688034	-1.387578580315083e-4	-0.29989504717189996	0.6123928350142424	-0.03260959851304909	0.07035792122596204	-0.09744293635603796	0.08626903534877615	0.02885711021314492	0.014975423015494203	-0.059448243494049174	-0.03378057103455248	0.06288808775349276	-0.00939023838593904	-0.010271653785572842	7.468583361459197e-4	-0.00532373726218163	-0.027688806505739457	0.03755661400239936
GAA	0.25195674773050586	0.035826513432815066	0.12719814989224754	0.12747250918609385	-0.2577663506582918	-0.14653572684887697	-0.04416455454753071	-0.027653068601509873	0.039263607938314	-0.11479833590471987	-0.04684659892863001	-0.06059380659489409	-0.23286773149579112	-0.0821830404854287	0.12519894983742996	0.24501877367585462	0.08758133576915764	-0.18864154522937004	-0.012709515744303356	-0.16411508377833783	-0.038820217597143596	0.049660904239599776	0.029183664745829677	0.03038154661769505	0.05058550267469398	0.1003587477018025	0.13567978746728182	-0.033057148254927254	-0.10555367174348457	-0.012885150066098684	-7.422528238742003e-4	-0.04618350626698997	0.07934401494769636	0.01547916173059908	0.018865187713393183	0.09843719688014615	-0.06488035917224327	-0.09559866729667571	-0.02478311168362497	0.03784832031791094	-0.03525833943635632	0.002239213118885559	2.5605235729338416e-4	-0.055237953662144304	-0.012100623918331225	0.034113313569961425	0.012959292356091513	0.04791275505254128	0.024705244689415207	-0.01922740586774822	-2.4288400739569263e-4	0.00232014871826783	-0.022237197518033495	-0.014885435007579259	0.05552600181013468	0.08938295950743032	-0.07497904639688936	-0.6647838359923564	0.16106236655063727	-0.08306957417470501
GAG	-0.25195674773050586	-0.035826513432815114	-0.12719814989224754	-0.12747250918609376	0.2577663506582919	0.14653572684887697	0.04416455454753068	0.027653068601509755	-0.03926360793831388	0.11479833590471993	0.046846598928629975	0.06059380659489402	0.23286773149579118	0.08218304048542888	-0.12519894983743	-0.24501877367585473	-0.08758133576915764	0.18864154522937002	0.012709515744303323	0.16411508377833794	0.038820217597143686	-0.049660904239599735	-0.029183664745829806	-0.03038154661769503	-0.05058550267469404	-0.1003587477018024	-0.13567978746728193	0.03305714825492735	0.10555367174348472	0.012885150066098784	7.422528238743252e-4	0.04618350626698997	-0.07934401494769648	-0.015479161730599208	-0.018865187713393183	-0.09843719688014627	0.06488035917224325	0.09559866729667585	0.02478311168362498	-0.03784832031791115	0.03525833943635632	-0.002239213118885464	-2.560523572928711e-4	-0.055237953662144096	-0.012100623918331178	0.03411331356996125	0.012959292356091374	0.047912755052541445	0.024705244689414978	-0.01922740586774822	-2.4288400739575205e-4	0.0023201487182676066	-0.02223719751803332	-0.01488543500757918	0.05552600181013459	0.08938295950743015	-0.07497904639688949	-0.6647838359923564	0.16106236655063721	-0.08306957417470476
TGT	-0.0710254922609718	-0.0337990799184555	0.19333443465855926	-0.27604019145600767	0.16373467551684334	-0.022566173618622492	-0.10554480993849508	-0.39515846058216036	0.09713969189515212	0.06966029736824597	0.22858235042617003	-0.16373050333089126	-0.2307605435570082	0.0016473651316968084	-0.134972052782108	0.024185589936418513	-0.02727819835077821	-0.03168273071371029	0.016271424473560912	0.051712315678774816	-0.039465840997357414	0.013539907312029021	0.032201290789834885	0.01802524978598886	0.026356715082701952	-0.01578906798848399	0.022645561451057044	0.010229433605371877	-0.03464881851057153	0.03563467087610663	-0.014970199468249533	-0.058448993080266826	0.01573957225101813	-0.02939602752581157	0.008101086755938462	0.03978217298642881	0.0034020961643366106	-0.02713712506105316	-0.011866956350988094	0.01378838026093743	-0.00728193224654024	0.029485994580766155	0.001844634461268472	0.012604262744483077	-0.0059980447772397865	0.02144734609422156	-0.002957066926081561	-0.00613753148275869	-0.023869410239428943	-0.018369574815984696	0.015294899594105875	-0.061442168314537145	0.021813705042084564	0.0915602235117796	0.3455425912853505	-0.18862490290597478	0.5686008052551211	-0.07277043143978133	-0.013173734378689928	0.042052139669506286
TGC	0.07102549226097171	0.03379907991845551	-0.1933344346585591	0.27604019145600733	-0.16373467551684318	0.022566173618622547	0.10554480993849492	0.3951584605821598	-0.09713969189515204	-0.06966029736824579	-0.22858235042616976	0.16373050333089112	0.23076054355700784	-0.001647365131696727	0.1349720527821079	-0.02418558993641852	0.02727819835077809	0.031682730713710125	-0.016271424473560867	-0.051712315678774996	0.039465840997357275	-0.01353990731202902	-0.03220129078983493	-0.018025249785988774	-0.02635671508270194	0.015789067988483993	-0.02264556145105674	-0.010229433605371954	0.03464881851057127	-0.03563467087610647	0.014970199468249455	0.05844899308026669	-0.015739572251018248	0.02939602752581142	-0.00810108675593849	-0.03978217298642865	-0.003402096164336701	0.027137125061052963	0.011866956350988037	-0.013788380260937306	0.00728193224654025	-0.02948599458076604	-0.0018446344612686237	0.012604262744483263	-0.005998044777239627	0.021447346094221408	-0.002957066926081492	-0.006137531482758884	-0.0238694102394289	-0.01836957481598486	0.015294899594105984	-0.06144216831453738	0.021813705042084634	0.0915602235117799	0.34554259128535075	-0.18862490290597494	0.5686008052551217	-0.0727704314397815	-0.013173734378689987	0.04205213966950628
TGG	-0.020109434392595812	0.01200063358594646	0.03131154470649871	-4.293727008437608e-4	-0.01970338360978797	0.006556137023133404	0.06725667979764466	0.1343795136251842	0.10098403185301381	0.09385882438550391	0.11289840104283061	0.004349115248959645	0.021335519891468178	0.04041416214432064	-0.006646584528216575	0.1014784336313439	-0.032060621452664945	-0.02618527928337788	0.2105134117377286	-0.010350143784767504	0.15713179362676086	-0.0305135236696755	0.024412410385366748	-0.006647090810554033	0.31882412979720204	-0.37828444968842534	-0.111083109368573	0.08246361604705424	-0.04764050410148444	0.10773148234693984	0.0601878902101725	0.022741285822569988	0.6265020518931879	-0.04437986884126649	0.1737120442384078	-0.30281508326409406	-0.16117786485307842	-0.14130988070264347	0.1166338376189178	0.00847191703410409	0.025875586226031137	-0.017764779979051	-1.4108080000842645e-4	-1.7726705520137997e-17	1.2414114874959026e-17	1.8908485888147197e-16	2.122325752640375e-17	-1.9949319973733282e-16	1.7672495411513722e-17	1.188692156858795e-16	7.123208273229764e-17	1.4799359654427136e-16	-3.469446951953614e-18	-1.8865117801247777e-17	9.71445146547012e-17	2.38524477946811e-16	-2.5587171270657905e-16	-1.973247953923618e-17	7.41594285980085e-17	-3.8163916471489756e-17
CGT	-0.16482106613618153	-0.11956282413555161	-0.1419056558817307	-0.03061818166215164	-0.1638470037083243	-0.01894981398032402	-0.03550059302444991	-0.0553270402142783	-0.05145180060200208	-0.03315382362000305	0.01302466459503734	-0.03690774441932493	0.0035321174561999073	0.004083790947777374	-0.04522463766747212	0.01721805166229835	-0.039311356565630395	-0.019758815507300326	-0.04889398554873095	0.04888327574623223	-0.1618963574437295	0.09612396257877362	-0.1459839813509214	-0.09294036877799354	-0.057054073347017786	0.021161265098893767	-0.0714852661127357	-0.12473750027330321	-0.014098666791173275	-7.316443577357473e-4	0.24963533497652568	-0.2677250134273891	-0.054598639442238264	0.2605343686628377	0.32116682200444974	-0.04419606021455079	-0.5070466171593373	0.29420164124479237	0.12238883570637968	0.10906126677242414	-0.20905765090030437	9.535712850903923e-4	-0.002114505434591427	-0.02880002711648874	-0.044674256553857726	0.010012358174637866	0.006756730590505558	0.008176100392210311	0.09550427892839497	0.24956304262680779	0.0038038291356001924	-0.014446475468609093	-0.003403731281702946	0.03515935926532728	-0.008968509758891172	0.027063992017358034	0.017367872782319355	-0.0026885493307278524	-0.005518184266526005	0.01864183732232301
CGC	0.014812580081107	-0.22690331891647705	-0.210269227994856	-0.03152959723573961	-0.16098258016891062	-0.050154661884769025	-0.16366417569756203	-0.035491009025435755	0.0027305047995760134	0.054787210828832575	0.05867924228590994	0.016203073551501024	0.04949737905475542	0.05130584043508586	0.06766588264593185	-0.06946469075031395	-0.15904124234155295	0.013146633188850773	0.10885087391564263	-0.009847508597352811	0.01578087490551256	0.09371714758974144	0.039056488513139864	0.05916699139348219	-0.018342800901740484	-0.1280602771169773	0.06022381611018431	-0.2292428730561266	-0.0688275177128109	0.2086272539601366	0.2790291191416357	-0.10437697593094661	-0.035159898141137076	0.04721044317927464	0.04846320136317668	0.08495187269174187	0.3026984187247993	-0.3146480398613293	-0.2775676347341735	-0.14591113316809892	0.23533929358778333	-0.1648616949148824	0.004341056306050761	-0.0438472462859912	-0.06801532241054957	0.01524353893873763	0.010286935810569841	0.012447887153238107	0.14540262835870207	0.3799528434358333	0.005791224857666588	-0.02199436011898654	-0.005182086919450116	0.05352915393894933	-0.01365430854026084	0.04120418076925303	0.02644210688656351	-0.004093242141045347	-0.008401283221268971	0.028381682732073144
CGA	-0.12724511497525254	-0.09179892487836941	0.045045702745127834	0.0414974608281232	-0.20830338349405433	-0.16694694021914908	0.03865483604043828	-0.04327408178013029	0.03060109403565197	-0.06987568707932953	0.09619320771030969	0.07376715660475049	-0.03408794222406297	0.14795841687289782	-0.059908566926198004	-0.03484790322651607	-0.1249139390671292	-0.1373939353129676	0.13144032659594748	-0.056225448781290314	-0.07830653992029742	-0.06233542000339149	-0.04099466694259604	-0.0839684430551623	-0.10558326659937774	0.010265087908916304	-0.059897081499180514	0.13295683400539013	0.046348047303955545	-0.11410680778177688	-0.27305382997588934	-0.02043947339442476	-0.002856927361422996	0.28431975845487106	-0.45188365008596604	-0.3768247948902086	0.1694367815322591	-0.10905361273802705	0.10339036248603606	0.07975862596083394	-0.23738694473512997	0.11526546082318878	7.491332551997971e-4	-0.03239896744451054	-0.05025688961478359	0.011263533372062364	0.00760107251106666	0.009197811146456191	0.10743878855728596	0.28074921112799106	0.004279167371277547	-0.01625175165642134	-0.0038290720539850974	0.03955298137740299	-0.01008924243469662	0.030445992038210704	0.01953821580024201	-0.003024518757808408	-0.006207753613593919	0.020971378883390516
CGG	-0.1542537506342579	-0.18446885150043404	-0.00315955814372818	0.040808574201809396	0.009492046167102464	-0.013507442617715986	0.03891527855382681	-0.062239582461185834	0.10234910792965853	-0.04514652021161221	-0.029138844607088786	0.1652728140521071	0.04203823539559841	0.09998884941102959	9.84823736771813e-4	-0.1106526171564364	0.009277454418193831	-0.18250117364066498	0.11194387537536403	-0.014266680647093646	-0.03729641624595809	-0.07179736686236418	-0.07310055231196416	-0.12517443819204496	-0.013010757675552119	0.18205711007086445	0.05913576309906586	0.10186184733524487	-0.18385243827629477	-0.28264551256535586	-0.26912798474143373	0.22282143245889996	0.18658944298273702	-0.4033303072219124	0.24891367229682002	0.262257421647942	-0.0028188901340028827	0.12827713629357365	0.03769569044198502	0.009726078703303906	0.11854523532193378	0.002249875942187902	-0.0022612077113607822	-0.04052083096667699	-0.06285542687369287	0.014087107332619274	0.009506530568108513	0.011503544098042275	0.1343718437277536	0.3511282064043913	0.005351880982831639	-0.020325786089020553	-0.004788954516050131	0.04946823306535426	-0.012618441867888283	0.03807827823852943	0.02443611023061152	-0.00378271355562799	-0.00776393060334539	0.026228542632644583
AGA	0.2113451779652157	0.19332280428841142	0.022759352001873394	-0.02430187237015757	0.19859259723789732	0.03987042501197367	-0.0374421398345257	0.03960219156226474	-0.002417691191574789	0.07265125279052388	-0.10589490371405032	-0.08702571236648432	-0.0937727104688699	-0.1530618768580592	0.13176188899231034	0.0798382201865185	0.08983059766775439	0.13073607356830277	-0.1442454900282349	0.089165003059405	0.16966945171189507	0.013014796416082448	0.07546625867652318	0.06811384866930303	0.0951282966841477	-0.0750179170001089	-0.013428856732965882	-0.003437571974216961	0.05171458306247613	0.09435716488858108	0.017030853416288096	0.1812425910041505	-0.04534271297853143	-0.06310182341332257	0.17517344392607298	-0.0850178517727293	0.2992214665402012	0.1709518057060462	0.009287486078326513	0.09509180176745133	-0.4756887335183181	0.10205588468360188	-3.619259481143255e-4	-0.04980358114900415	-0.077254717592875	0.01731426469935409	0.011684342480134054	0.014138843610071814	0.16515453566931787	0.4315667202320315	0.0065779213424191595	-0.024982136662851602	-0.005886036371147943	0.06080070672277878	-0.015509148715587215	0.04680147408197333	0.0300340780236489	-0.004649279815759048	-0.009542537470589689	0.03223713137816132
AGG	0.07467264298190784	0.2690558862053263	0.20523138165870178	0.009020778353007679	0.15618990740276728	0.1271221209538483	0.1369407729158794	0.0965667225822912	-0.06921144982215716	-0.018408381846936897	0.007384157381119447	-0.08329670625772295	0.034057695485288086	-0.06794916860090297	-0.11974301341792429	0.07924956064629445	0.13824347938347567	0.10085809800972054	-0.09418162921839215	-0.057112068229854665	-0.008161429571427627	-0.04915884745296249	0.05723638888328151	0.08485708115224196	0.03138003777682922	0.019537876353850903	-0.006979272946733124	0.1018446757449531	0.12865812397669382	0.02506286127048281	-0.00985123160588297	-0.09665727821885331	-0.03967423183366506	0.013267225191754314	-0.2942538950197277	0.06367948505186809	-0.3586664768865707	-0.09190888487746882	0.06258234726688733	-0.08437549230243005	0.42176403007152974	-0.03231560472140327	-8.341504920704355e-4	-0.05282676414494527	-0.08194424278754399	0.018365277285571607	0.012393606848072048	0.01499710140194331	0.1751797662334458	0.45776373538875464	0.00697721511793208	-0.026498605338778004	-0.006243331261599719	0.06449143856303671	-0.01645058693341775	0.04964242281227232	0.03185721025400454	-0.004931500960465846	-0.010121789732247241	0.03419399361922758
GGT	-0.08599140940693295	-0.10284457585184595	-0.08488408030819082	0.019004149486383275	-0.03896054756938583	-0.04116518807644471	0.13042454623988145	0.002253324660129893	-0.10180988782992804	0.10912664124817478	0.09255308822463776	-0.07254353801513402	0.21098468888935984	0.0073792091823787	-0.12526752638114522	0.14228586580177588	0.21661291634338506	-0.05797031050288636	-0.2846445369724352	-0.007473370764243283	0.07872455050492683	0.09232771682101856	-0.13372926386192088	0.04624850472033049	0.27754417979044754	-0.11866797723516628	-0.16610162798043998	-0.12623577961113022	-0.40520036916885305	0.08142563628557148	-0.2697405267212589	-0.21024363164522328	-0.07871707533847913	-0.0624811537281556	-0.13873662912377593	0.10780614692593185	0.04944137103573722	0.014752611280536619	-0.0890117366819793	2.1035840935400345e-4	-0.07988564983035278	0.05442967318598981	-3.566047452010945e-4	-0.062091091934926006	-0.04193200935940523	0.0683622478734825	0.014567096710628271	0.05424136077845744	0.014376887674838143	-0.039804695310323046	-0.16303578092817067	-0.3425149943181839	0.13918876681624404	-0.01724817291816113	-0.092896120616172	-0.02516804095118421	0.010539818912009778	-0.0030096904497082335	-1.5833126116907188e-4	0.004347959484391043
GGC	0.07566955152126467	-0.10802016726536791	-0.14204400665966085	-0.10678990127284335	-0.12607290170542673	-0.14606903472113134	-0.154628851663419	-0.10514074507472317	0.04595939357649529	0.09269107202773834	0.029767563255148937	-0.03344646163838863	0.1904273680483215	0.026562380579487427	0.042084223967004245	0.2599552273666804	3.7693053793781683e-4	0.2658316847990094	-0.05002178632992951	-0.09178463633736528	-0.2187785217771586	0.0674722664857954	0.24229936157814033	0.051045042583220984	-0.21686198616923757	-0.04415859000661131	0.12181400146457158	0.2833122050415501	0.18729660462491043	-0.06894766224113336	0.07778369981365058	0.23231351486320315	0.08285815093718907	-0.0780518257012571	-4.2876281674871994e-4	-0.076093965241539	-0.0665314168880256	0.08813778143663605	0.014603244073849955	-0.028857057762735627	0.0542588308259142	0.036052323017238416	0.0020765248620511485	-0.07631501209987483	-0.05153785675067276	0.0840227738160434	0.01790414900251295	0.06666705279494745	0.017670366596446455	-0.04892321441895013	-0.20038426135725979	-0.4209788412672064	0.1710743376019352	-0.021199410155803566	-0.11417690280410206	-0.030933573397818798	0.012954296385115787	-0.003699154837332542	-1.9460202317840222e-4	0.005343996543156787
GGA	0.09411431966190524	0.06956095425571744	0.03597705472171022	0.11378678679557101	0.06085893096131886	-0.04487991516378435	-0.03906217395224592	0.08373527410056711	0.048685564305987784	-0.20793049328154395	-0.058782759005778	-0.0661060462838529	-0.3342823532230552	-0.01570582784987768	0.11345046701283194	-0.27045642260860697	-0.28633314815766125	0.079507931691169	0.14461900890073862	0.10974944255364619	0.1468787933291114	-0.027591291165244006	0.02522643946367321	-0.10344771202146101	-0.01483722242999707	-0.15522931148655347	-0.20984137699117764	-0.20826099550643007	0.20927112388818192	-0.21798389154829775	-0.06875981197804804	-0.2020525227581383	0.016248942708957	-0.09654545428117901	-0.046015548043573974	0.1625536506771608	-0.0719754534250981	-0.015365163691090375	0.002076413148210556	0.005478829648601033	-0.02284036219555451	-0.0028554151768242888	-7.196388231319466e-4	-0.07280168908936303	-0.04916520249756704	0.08015460769076549	0.0170798936306886	0.06359789399928412	0.016856873892203424	-0.04667093075631566	-0.19115914801456046	-0.4015981898165199	0.16319856859834356	-0.020223450466349723	-0.10892052756608686	-0.029509480912926586	0.012357917948914426	-0.003528856419605234	-1.856431074015591e-4	0.005097974358182329
GGG	-0.0982105152448239	0.12891226979673998	0.1818283122472982	-0.017711685723695376	0.10255858099456139	0.22871774540876155	0.08822368119275939	0.024095216307859046	-0.009842420064834127	0.01736117427563174	-0.050390969279128985	0.15996760506837696	-0.04442681120256298	-0.018084935564005485	-0.04977230811555928	-0.12107318597154286	0.09928782620825634	-0.30291347161388466	0.1477489295661033	-0.007026654314408749	0.015026763101962203	-0.11958658914860493	-0.16205394106954485	0.010297266683350566	0.0053502037632180525	0.29702825081040507	0.21959921524371723	0.018583791666773715	-0.05888908978799651	0.2166548199693256	0.21318737630699863	0.1352449247724714	-0.03529223707226618	0.22729098362631067	0.1616877540628508	-0.17144303656232268	0.09767557516635635	-0.08792097139792204	0.057429797203986166	0.024128381572713003	0.03345391574584202	-0.07982677900500346	-0.0011312461279781414	-0.07419881316735784	-0.05010872302666504	0.08169284030277973	0.017407670787228643	0.06481838970656219	0.017180371117186954	-0.047566584166527516	-0.19482764872877142	-0.40930518820749173	0.16633048287856209	-0.02061155505485748	-0.11101080175551786	-0.030075792036037316	0.012595076522242461	-0.0035965780663594392	-1.8920575077588028e-4	0.005195808664142737
